시군명,읍면동명,등록동물수(마리),(등록주체)시군구등록,(등록주체)대행업체등록,(등록주체)기타,(RFID종류)내장형,(RFID종류)외장형,(RFID종류)인식표,등록품종수,등록소유자수,동물소유자당등록동물수,해당동의등록대행업체수,데이터기준일자
가평군,가평읍,1508,,,,984,462,62,,1011,,1,2022-12-31
가평군,북면,455,,,,288,134,33,,278,,0,2022-12-31
가평군,상면,778,,,,489,239,50,,465,,0,2022-12-31
가평군,설악면,1589,,,,746,774,69,,907,,1,2022-12-31
가평군,조종면,768,,,,480,243,45,,481,,1,2022-12-31
가평군,청평면,1370,,,,895,383,92,,882,,2,2022-12-31
고양시,가좌동,1354,6,1347,1,848,348,158,64,952,1.42,,2022-06-03
고양시,강매동,63,0,63,0,57,5,1,15,30,2.1,,2022-06-03
고양시,고양동,1577,19,1557,1,968,510,99,63,1182,1.33,,2022-06-03
고양시,관산동,1184,15,1169,0,672,442,70,60,855,1.38,,2022-06-03
고양시,구산동,152,2,150,0,97,42,13,31,90,1.69,,2022-06-03
고양시,내곡동,84,2,82,0,54,25,5,24,55,1.53,,2022-06-03
고양시,내유동,1233,18,1215,0,719,433,81,66,846,1.46,,2022-06-03
고양시,대자동,165,5,160,0,86,64,15,34,119,1.39,,2022-06-03
고양시,대장동,112,1,111,0,67,38,7,25,76,1.47,,2022-06-03
고양시,대화동,3964,28,3935,1,2619,1112,233,100,2950,1.34,,2022-06-03
고양시,덕은동,177,3,174,0,81,86,10,43,115,1.54,,2022-06-03
고양시,덕이동,2546,14,2532,0,1513,899,134,87,1697,1.5,,2022-06-03
고양시,도내동,1013,10,1003,0,558,413,42,56,779,1.3,,2022-06-03
고양시,동산동,1315,7,1308,0,719,518,78,63,716,1.84,,2022-06-03
고양시,마두동,2878,33,2840,5,1884,857,137,73,2296,1.25,,2022-06-03
고양시,문봉동,138,2,136,0,76,54,8,36,91,1.52,,2022-06-03
고양시,백석동,4380,40,4339,1,2764,1343,273,99,3231,1.36,,2022-06-03
고양시,법곳동,124,3,121,0,82,30,12,30,82,1.51,,2022-06-03
고양시,벽제동,253,1,252,0,167,74,12,35,142,1.78,,2022-06-03
고양시,북한동,6,0,6,0,1,4,1,4,4,1.5,,2022-06-03
고양시,사리현동,503,6,497,0,262,202,39,48,346,1.45,,2022-06-03
고양시,산황동,29,0,29,0,19,8,2,14,21,1.38,,2022-06-03
고양시,삼송동,1307,18,1287,2,681,532,94,69,941,1.39,,2022-06-03
고양시,선유동,84,1,83,0,64,19,1,18,22,3.82,,2022-06-03
고양시,설문동,283,5,277,1,176,90,17,44,154,1.84,,2022-06-03
고양시,성사동,2021,21,1999,1,1175,776,70,75,1553,1.3,,2022-06-03
고양시,성석동,1054,8,1045,1,662,312,80,69,644,1.64,,2022-06-03
고양시,식사동,2919,16,2901,2,1613,1117,189,86,2244,1.3,,2022-06-03
고양시,신원동,1181,21,1160,0,603,513,65,58,903,1.31,,2022-06-03
고양시,신평동,17,0,17,0,11,4,2,10,8,2.13,,2022-06-03
고양시,오금동,126,0,126,0,64,57,5,30,86,1.47,,2022-06-03
고양시,용두동,150,2,148,0,71,61,18,36,90,1.67,,2022-06-03
고양시,원당동,130,0,130,0,81,45,4,29,85,1.53,,2022-06-03
고양시,원흥동,1190,42,1148,0,626,492,72,65,867,1.37,,2022-06-03
고양시,일산동,5115,33,5081,1,3274,1547,294,86,3968,1.29,,2022-06-03
고양시,장항동,3771,40,3731,0,2264,1265,242,86,2609,1.45,,2022-06-03
고양시,정발산동,1963,19,1944,0,1264,578,121,77,1456,1.35,,2022-06-03
고양시,주교동,1346,13,1332,1,812,489,45,65,1015,1.33,,2022-06-03
고양시,주엽동,3668,28,3639,1,2282,1197,189,83,2942,1.25,,2022-06-03
고양시,중산동,3170,19,3148,3,2015,913,242,81,2435,1.3,,2022-06-03
고양시,지영동,53,0,53,0,34,17,2,21,38,1.39,,2022-06-03
고양시,지축동,456,10,445,1,255,173,28,41,318,1.43,,2022-06-03
고양시,탄현동,3664,24,3640,0,2312,1067,285,92,2861,1.28,,2022-06-03
고양시,토당동,2610,43,2567,0,1988,534,88,86,1628,1.6,,2022-06-03
고양시,풍동,2755,28,2726,1,1763,795,197,84,2133,1.29,,2022-06-03
고양시,행신동,5756,52,5701,3,3780,1683,293,93,4620,1.25,,2022-06-03
고양시,행주내동,81,4,77,0,53,19,9,24,60,1.35,,2022-06-03
고양시,행주외동,52,0,52,0,29,11,12,16,33,1.58,,2022-06-03
고양시,향동동,609,4,605,0,315,254,40,47,477,1.28,,2022-06-03
고양시,현천동,120,5,115,0,54,48,18,38,67,1.79,,2022-06-03
고양시,화전동,234,3,231,0,128,86,20,36,152,1.54,,2022-06-03
고양시,화정동,4312,42,4267,3,2778,1351,183,95,3476,1.24,,2022-06-03
고양시,효자동,30,3,27,0,21,8,1,15,20,1.5,,2022-06-03
과천시,갈현동,95,3,91,1,57,29,9,27,66,1.44,,2022-08-25
과천시,과천동,333,35,298,0,180,107,46,44,227,1.47,1,2022-08-25
과천시,관문동,4,0,4,0,1,3,0,4,3,1.33,,2022-08-25
과천시,막계동,7,1,6,0,4,3,0,6,5,1.4,,2022-08-25
과천시,문원동,318,13,305,0,177,101,40,43,254,1.25,,2022-08-25
과천시,별양동,630,19,611,0,367,213,50,47,530,1.19,3,2022-08-25
과천시,부림동,468,29,439,0,240,171,57,42,384,1.22,2,2022-08-25
과천시,원문동,440,21,419,0,265,145,30,43,369,1.19,1,2022-08-25
과천시,주암동,207,10,197,0,87,98,22,35,147,1.41,,2022-08-25
과천시,중앙동,472,29,443,0,287,138,47,45,340,1.39,,2022-08-25
광명시,가학동,78,6,72,0,38,28,12,16,56,1.39,,2022-04-18
광명시,광명동,5833,589,5243,0,3159,1893,781,88,4519,1.29,2,2022-04-18
광명시,노온사동,71,9,61,0,36,18,17,19,50,1.42,,2022-04-18
광명시,소하동,4257,269,3988,0,2604,1298,355,85,3286,1.3,6,2022-04-18
광명시,옥길동,33,0,33,0,19,12,2,12,23,1.43,,2022-04-18
광명시,일직동,686,18,668,0,396,229,61,48,541,1.27,2,2022-04-18
광명시,철산동,4604,332,4271,0,2720,1297,587,78,3638,1.26,4,2022-04-18
광명시,하안동,4599,289,4309,0,2674,1539,386,77,3585,1.28,3,2022-04-18
광주시,경안동,1087,105,981,1,668,290,129,66,766,1.42,3,2023-02-14
광주시,곤지암읍,1761,213,1548,0,1046,457,258,79,1130,1.56,4,2023-02-14
광주시,남종면,132,36,95,1,53,40,39,32,66,2,,2023-02-14
광주시,남한산성면,198,17,181,0,136,38,24,26,101,1.96,,2023-02-14
광주시,도척면,783,167,614,2,382,215,186,69,446,1.76,,2023-02-14
광주시,목동,128,10,118,0,75,39,14,33,79,1.62,,2023-02-14
광주시,목현동,1157,114,1043,0,655,366,136,65,819,1.41,,2023-02-14
광주시,삼동,559,70,488,1,321,152,86,51,405,1.38,,2023-02-14
광주시,송정동,1686,146,1540,0,918,558,210,81,1232,1.37,4,2023-02-14
광주시,실촌읍,1,0,0,1,1,0,0,1,1,1,,2023-02-14
광주시,쌍령동,1143,91,1049,3,673,341,129,61,851,1.34,1,2023-02-14
광주시,역동,600,27,573,0,345,198,57,45,480,1.25,1,2023-02-14
광주시,오포읍,9131,624,8502,5,4813,2954,1364,124,6295,1.45,5,2023-02-14
광주시,장지동,868,67,799,2,499,254,115,57,628,1.38,1,2023-02-14
광주시,중대동,326,40,285,1,204,75,47,35,231,1.41,2,2023-02-14
광주시,중부면,47,12,35,0,17,20,10,16,18,2.61,,2023-02-14
광주시,직동,71,19,52,0,33,17,21,25,40,1.78,,2023-02-14
광주시,초월읍,4600,368,4230,2,3140,1022,438,109,2306,1.99,1,2023-02-14
광주시,탄벌동,1145,114,1031,0,664,331,150,65,860,1.33,1,2023-02-14
광주시,태전동,2251,191,2060,0,1232,783,236,81,1694,1.33,2,2023-02-14
광주시,퇴촌면,1404,139,1263,2,751,497,156,67,873,1.61,2,2023-02-14
광주시,회덕동,934,92,842,0,538,288,108,64,619,1.51,,2023-02-14
구리시,갈매동,1421,46,1375,0,780,551,90,54,1084,1.31,,2023-02-03
구리시,교문동,2795,116,2677,2,1597,1028,170,78,2063,1.35,,2023-02-03
구리시,사노동,82,15,67,0,32,36,14,17,51,1.61,,2023-02-03
구리시,수택동,3622,142,3480,0,2013,1345,264,89,2617,1.38,,2023-02-03
구리시,아천동,162,5,156,1,77,71,14,33,119,1.36,,2023-02-03
구리시,인창동,3463,148,3314,1,1802,1365,296,80,2687,1.27,,2023-02-03
구리시,토평동,836,25,811,0,418,363,55,50,658,1.33,,2023-02-03
군포시,금정동,3461,497,,2964,2152,941,368,,2663,1.3,,2022-09-30
군포시,당동,3434,545,,2889,2077,895,462,,2689,1.3,,2022-09-30
군포시,당정동,875,160,,715,486,279,110,,680,1.3,,2022-09-30
군포시,대야미동,518,85,,433,287,166,65,,407,1.3,,2022-09-30
군포시,도마교동,422,42,,380,227,150,45,,336,1.3,,2022-09-30
군포시,둔대동,24,4,,20,11,10,3,,15,1.6,,2022-09-30
군포시,부곡동,846,166,,680,424,311,111,,677,1.2,,2022-09-30
군포시,산본동,6572,964,,5608,3826,2046,700,,5285,1.2,,2022-09-30
군포시,속달동,35,11,,24,15,14,6,,23,1.5,,2022-09-30
김포시,감정동,381,10,371,0,212,152,17,37,322,1.18,2,2020-03-11
김포시,걸포동,118,14,104,0,67,37,14,22,89,1.33,0,2020-03-11
김포시,고촌읍,446,25,421,0,254,146,46,43,375,1.19,2,2020-03-11
김포시,구래동,790,34,756,0,376,343,71,51,652,1.21,4,2020-03-11
김포시,대곶면,252,30,222,0,119,97,36,42,148,1.7,0,2020-03-11
김포시,마산동,531,22,509,0,278,210,43,42,443,1.2,0,2020-03-11
김포시,북변동,342,16,326,0,166,153,23,35,280,1.22,2,2020-03-11
김포시,사우동,441,40,401,0,216,174,51,38,358,1.23,3,2020-03-11
김포시,양촌읍,566,48,518,0,246,250,70,50,433,1.31,3,2020-03-11
김포시,운양동,842,52,790,0,443,321,78,53,700,1.2,2,2020-03-11
김포시,월곶면,116,37,79,0,45,29,42,27,81,1.43,0,2020-03-11
김포시,장기동,1311,41,1270,0,666,572,73,52,1119,1.17,9,2020-03-11
김포시,통진읍,593,45,548,0,325,203,65,45,434,1.37,2,2020-03-11
김포시,풍무동,1018,27,991,0,492,439,87,49,853,1.19,6,2020-03-11
김포시,하성면,165,33,132,0,77,54,34,31,101,1.63,0,2020-03-11
남양주시,가운동,214,1,213,0,73,49,92,29,173,1.24,2,2023-02-22
남양주시,금곡동,1534,83,1451,0,939,445,150,66,1164,1.32,3,2023-02-22
남양주시,다산동,5384,172,5208,4,2717,2030,637,98,4084,1.32,5,2023-02-22
남양주시,도농동,1026,11,1014,1,577,208,241,51,837,1.23,4,2023-02-22
남양주시,별내동,5437,211,5226,0,2717,2325,395,90,4119,1.32,4,2023-02-22
남양주시,별내면,1218,25,1192,1,616,393,209,66,900,1.35,0,2023-02-22
남양주시,삼패동,106,2,103,1,75,24,7,27,48,2.21,2,2023-02-22
남양주시,수동면,1145,99,1042,4,709,242,194,84,586,1.95,2,2023-02-22
남양주시,수석동,43,0,43,0,25,11,7,20,31,1.39,0,2023-02-22
남양주시,오남읍,4999,226,4771,2,3446,1230,323,94,3688,1.36,4,2023-02-22
남양주시,와부읍,4857,338,4516,3,3157,1217,483,101,3520,1.38,4,2023-02-22
남양주시,이패동,73,5,68,0,40,22,11,28,59,1.24,0,2023-02-22
남양주시,일패동,221,3,218,0,99,79,43,38,116,1.91,0,2023-02-22
남양주시,조안면,376,44,331,1,241,86,49,58,230,1.63,0,2023-02-22
남양주시,지금동,172,0,172,0,90,56,26,26,138,1.25,1,2023-02-22
남양주시,진건읍,1855,161,1690,4,1197,436,222,77,1325,1.4,3,2023-02-22
남양주시,진접읍,7147,259,6881,7,4237,2304,606,100,5147,1.39,1,2023-02-22
남양주시,퇴계원면,1079,54,1025,0,788,228,63,53,850,1.27,0,2023-02-22
남양주시,퇴계원읍,737,24,713,0,459,244,34,61,514,1.43,2,2023-02-22
남양주시,평내동,3088,74,3013,1,1964,914,210,82,2349,1.31,1,2023-02-22
남양주시,호평동,3970,131,3838,1,2350,1179,441,100,3012,1.32,9,2023-02-22
남양주시,화도읍,9899,534,9362,3,6023,2608,1268,125,6627,1.49,7,2023-02-22
부천시,계수동,11,0,11,0,4,7,0,6,9,2.5,,2022-05-26
부천시,고강동,3667,93,3574,0,1980,1291,396,109,2712,2.66,3,2022-05-26
부천시,괴안동,2582,47,2535,0,1248,1136,198,97,2007,2.56,3,2022-05-26
부천시,내동,728,20,708,0,310,302,116,63,537,2.66,,2022-05-26
부천시,대장동,34,0,34,0,11,14,9,16,19,3.07,,2022-05-26
부천시,도당동,1592,25,1567,0,683,620,289,89,1234,2.56,1,2022-05-26
부천시,범박동,1099,41,1055,0,482,527,90,86,867,2.51,1,2022-05-26
부천시,삼정동,618,18,600,0,283,282,53,64,442,2.79,1,2022-05-26
부천시,상동,6717,177,6539,0,3670,2628,419,149,5293,2.51,14,2022-05-26
부천시,소사동,590,28,561,0,317,219,54,71,444,2.62,,2022-05-26
부천시,소사본동,4069,204,3862,0,2201,1521,347,113,3028,2.7,4,2022-05-26
부천시,송내동,3176,52,3121,0,2048,987,141,113,2490,2.52,5,2022-05-26
부천시,심곡동,3643,87,3555,0,1984,1384,275,120,2726,2.62,4,2022-05-26
부천시,심곡본동,2337,58,2279,0,1397,796,144,103,1762,2.61,2,2022-05-26
부천시,약대동,1059,20,1038,0,482,486,91,79,822,2.57,,2022-05-26
부천시,여월동,1499,33,1466,0,772,552,175,79,1142,2.59,1,2022-05-26
부천시,역곡동,2350,44,2304,0,1297,899,154,106,1827,2.56,2,2022-05-26
부천시,오정동,1806,38,1768,0,802,732,272,95,1327,2.67,,2022-05-26
부천시,옥길동,1098,33,1065,0,492,480,126,50,864,2.6,2,2022-05-26
부천시,원미동,2160,50,2105,0,1101,902,157,94,1607,2.65,2,2022-05-26
부천시,원종동,4422,85,4337,0,2350,1571,501,122,3343,2.62,4,2022-05-26
부천시,작동,866,23,843,0,456,341,69,88,617,2.76,,2022-05-26
부천시,중동,9727,200,9525,0,5106,3666,955,159,7308,2.62,27,2022-05-26
부천시,춘의동,1096,15,1080,0,596,393,107,75,839,2.59,1,2022-05-26
부천시,합계,56946,1391,55532,0,30072,21736,5138,2146,43266,63.12,77,2022-05-26
성남시,갈현동,30,5,25,0,18,8,4,16,25,1.2,,2022-04-30
성남시,고등동,301,21,280,0,180,93,28,44,214,1.41,,2022-04-30
성남시,구미동,2962,404,2555,3,1627,1147,188,89,2334,1.27,,2022-04-30
성남시,궁내동,184,28,156,0,108,61,15,38,136,1.35,,2022-04-30
성남시,금곡동,1882,287,1595,0,1054,718,110,68,1498,1.26,,2022-04-30
성남시,금광동,2394,233,2160,1,1594,634,166,63,1845,1.3,,2022-04-30
성남시,금토동,121,18,103,0,68,44,9,30,73,1.66,,2022-04-30
성남시,단대동,920,79,841,0,602,231,87,51,706,1.3,,2022-04-30
성남시,대장동,144,12,132,0,63,71,10,30,101,1.43,,2022-04-30
성남시,도촌동,963,84,879,0,577,322,64,48,801,1.2,,2022-04-30
성남시,동원동,68,5,63,0,37,26,5,24,53,1.28,,2022-04-30
성남시,둔전동,18,2,16,0,7,3,8,11,13,1.38,,2022-04-30
성남시,백현동,1431,170,1259,2,894,420,117,63,1113,1.29,,2022-04-30
성남시,복정동,640,46,591,3,423,163,54,54,486,1.32,,2022-04-30
성남시,분당동,1773,217,1556,0,1102,535,136,73,1369,1.3,,2022-04-30
성남시,사송동,71,5,66,0,46,21,4,26,56,1.27,,2022-04-30
성남시,산성동,714,100,613,1,427,212,75,49,543,1.31,,2022-04-30
성남시,삼평동,1151,131,1020,0,656,416,79,60,959,1.2,,2022-04-30
성남시,상대원동,3864,314,3550,0,2680,934,250,92,2902,1.33,,2022-04-30
성남시,상적동,80,6,74,0,43,23,14,27,50,1.6,,2022-04-30
성남시,서현동,3268,425,2839,4,1929,1037,302,88,2675,1.22,,2022-04-30
성남시,석운동,45,5,40,0,28,15,2,20,30,1.5,,2022-04-30
성남시,성남동,2347,226,2121,0,1611,537,199,82,1782,1.32,,2022-04-30
성남시,성남시 수정구,1,0,1,0,1,0,0,1,1,1,,2022-04-30
성남시,수내동,2768,375,2392,1,1572,1000,196,75,2252,1.23,,2022-04-30
성남시,수진동,2390,169,2220,1,1667,606,117,84,1628,1.47,,2022-04-30
성남시,시흥동,152,8,143,1,77,62,13,31,96,1.58,,2022-04-30
성남시,신촌동,52,8,44,0,30,13,9,18,37,1.41,,2022-04-30
성남시,신흥동,3293,285,3006,2,2212,828,253,79,2505,1.31,,2022-04-30
성남시,심곡동,167,9,158,0,108,45,14,40,124,1.35,,2022-04-30
성남시,야탑동,3452,440,3010,2,2090,1132,230,86,2678,1.29,,2022-04-30
성남시,양지동,609,64,544,1,379,197,33,49,491,1.24,,2022-04-30
성남시,여수동,534,45,487,2,210,287,37,53,430,1.24,,2022-04-30
성남시,오야동,70,9,61,0,33,26,11,22,49,1.43,,2022-04-30
성남시,운중동,1436,137,1299,0,867,463,106,77,977,1.47,,2022-04-30
성남시,율동,68,5,63,0,43,20,5,27,52,1.31,,2022-04-30
성남시,은행동,2566,266,2299,1,1702,683,181,77,1922,1.33,,2022-04-30
성남시,이매동,2187,244,1942,1,1309,656,222,74,1814,1.21,,2022-04-30
성남시,정자동,6082,475,5601,6,3761,1959,362,105,4801,1.27,,2022-04-30
성남시,중동,600,0,600,0,600,0,0,27,431,1.39,,2022-04-30
성남시,중앙동,997,109,888,0,637,291,69,50,682,1.46,,2022-04-30
성남시,창곡동,1966,92,1860,14,1063,583,320,66,1483,1.33,,2022-04-30
성남시,태평동,4402,419,3982,1,2781,1306,315,93,3264,1.35,,2022-04-30
성남시,판교동,1209,121,1088,0,702,410,97,64,928,1.3,,2022-04-30
성남시,하대원동,1412,158,1254,0,970,313,129,62,1095,1.29,,2022-04-30
성남시,하산운동,3,0,3,0,2,1,0,3,3,1,,2022-04-30
수원시,고등동,769,34,712,23,580,123,66,52,567,1.35,0,2021-06-18
수원시,고색동,987,98,888,1,694,217,76,53,735,1.34,2,2021-06-18
수원시,곡반정동,1542,114,1428,0,926,466,150,65,1090,1.41,2,2021-06-18
수원시,교동,181,14,167,0,131,34,16,35,120,1.51,0,2021-06-18
수원시,구운동,1449,173,1272,4,903,371,175,66,1136,1.27,2,2021-06-18
수원시,구천동,77,2,75,0,53,8,16,17,52,1.48,0,2021-06-18
수원시,권선동,4910,400,4500,10,2950,1399,561,95,3779,1.3,8,2021-06-18
수원시,금곡동,2179,215,1961,3,1205,664,310,69,1689,1.29,5,2021-06-18
수원시,남수동,95,9,86,0,54,26,15,28,64,1.48,0,2021-06-18
수원시,남창동,100,7,93,0,73,19,8,26,72,1.39,0,2021-06-18
수원시,당수동,420,44,376,0,255,106,59,35,333,1.26,0,2021-06-18
수원시,망포동,2401,146,2254,1,1452,701,248,70,1961,1.22,5,2021-06-18
수원시,매교동,378,40,331,7,275,57,46,41,271,1.39,1,2021-06-18
수원시,매산로1가,157,22,134,1,89,47,21,27,95,1.65,0,2021-06-18
수원시,매산로2가,365,28,333,4,243,87,35,39,279,1.31,0,2021-06-18
수원시,매산로3가,237,13,214,10,166,46,25,38,162,1.46,2,2021-06-18
수원시,매탄동,5062,425,4626,11,3142,1489,431,91,3999,1.27,7,2021-06-18
수원시,매향동,72,8,64,0,48,16,8,20,55,1.31,0,2021-06-18
수원시,북수동,118,13,105,0,83,19,16,30,80,1.46,0,2021-06-18
수원시,상광교동,6,0,6,0,4,2,0,4,4,1.5,0,2021-06-18
수원시,서둔동,1000,123,876,1,621,238,141,57,712,1.4,1,2021-06-18
수원시,세류동,3592,312,3270,10,2326,925,341,89,2627,1.37,3,2021-06-18
수원시,송죽동,1307,99,1207,1,872,307,128,57,1016,1.29,0,2021-06-18
수원시,신동,283,16,267,0,164,81,38,37,213,1.33,2,2021-06-18
수원시,신풍동,123,17,104,2,77,30,16,29,86,1.43,0,2021-06-18
수원시,연무동,1164,84,1078,2,876,193,95,64,851,1.37,2,2021-06-18
수원시,영동,34,7,27,0,17,9,8,13,23,1.48,0,2021-06-18
수원시,영통동,3972,297,3669,6,2282,1305,385,83,3290,1.21,9,2021-06-18
수원시,영화동,1450,155,1294,1,1029,246,175,69,1038,1.4,8,2021-06-18
수원시,오목천동,1100,80,1020,0,727,240,133,56,829,1.33,0,2021-06-18
수원시,우만동,2157,227,1930,0,1334,604,219,72,1648,1.31,1,2021-06-18
수원시,원천동,1549,94,1455,0,858,493,198,61,1188,1.3,4,2021-06-18
수원시,율전동,1261,130,1130,1,793,299,169,60,1020,1.24,3,2021-06-18
수원시,이목동,334,17,317,0,211,99,24,47,231,1.45,0,2021-06-18
수원시,이의동,2349,126,2222,1,1275,866,208,77,1848,1.27,13,2021-06-18
수원시,인계동,3102,167,2925,10,2153,687,262,75,2303,1.35,8,2021-06-18
수원시,입북동,314,26,287,1,153,116,45,34,253,1.24,0,2021-06-18
수원시,장안동,77,9,68,0,50,17,10,21,58,1.33,0,2021-06-18
수원시,장지동,16,3,13,0,11,5,0,5,12,1.33,0,2021-06-18
수원시,정자동,4448,311,4129,8,3073,1003,372,85,3519,1.26,7,2021-06-18
수원시,조원동,2951,254,2693,4,1992,657,302,70,2307,1.28,7,2021-06-18
수원시,중동,30,2,28,0,26,4,0,8,19,1.58,3,2021-06-18
수원시,지동,1019,76,938,5,736,204,79,63,722,1.41,2,2021-06-18
수원시,천천동,1319,91,1224,4,914,300,105,50,1098,1.2,5,2021-06-18
수원시,탑동,1420,161,1255,4,929,317,174,67,1056,1.34,1,2021-06-18
수원시,파장동,1154,93,1060,1,777,260,117,53,914,1.26,0,2021-06-18
수원시,팔달로1가,23,1,20,2,18,1,4,11,15,1.53,0,2021-06-18
수원시,팔달로2가,45,1,44,0,29,15,1,19,30,1.5,0,2021-06-18
수원시,팔달로3가,38,6,32,0,19,12,7,14,26,1.46,0,2021-06-18
수원시,평동,132,14,118,0,86,32,14,26,105,1.26,0,2021-06-18
수원시,평리동,3,0,3,0,3,0,0,2,3,1,0,2021-06-18
수원시,하광교동,24,0,24,0,13,10,1,14,16,1.5,0,2021-06-18
수원시,하동,1452,92,1359,1,742,562,148,59,1064,1.36,2,2021-06-18
수원시,호매실동,1831,158,1672,1,1062,538,231,63,1415,1.29,3,2021-06-18
수원시,화서동,2752,221,2508,23,1774,671,307,67,2158,1.27,4,2021-06-18
시흥시,거모동,1673,131,1541,1,1115,408,150,62,1239,1.35,,2021-06-25
시흥시,계수동,103,5,98,0,71,15,17,26,64,1.61,,2021-06-25
시흥시,과림동,104,19,85,0,34,41,29,23,52,2,,2021-06-25
시흥시,광석동,22,3,19,0,14,5,3,12,14,1.57,,2021-06-25
시흥시,군자동,85,23,62,0,48,14,23,27,50,1.7,,2021-06-25
시흥시,금이동,38,7,31,0,22,10,6,16,18,2.11,,2021-06-25
시흥시,논곡동,255,14,241,0,154,86,15,35,198,1.29,,2021-06-25
시흥시,능곡동,1130,132,998,0,737,243,150,53,868,1.3,,2021-06-25
시흥시,대야동,2336,99,2237,0,1723,427,186,70,1733,1.35,,2021-06-25
시흥시,도창동,208,14,194,0,145,43,20,30,153,1.36,,2021-06-25
시흥시,매화동,631,53,578,0,385,171,75,51,440,1.43,,2021-06-25
시흥시,목감동,213,8,205,0,125,71,17,32,166,1.28,,2021-06-25
시흥시,무지내동,49,24,25,0,14,9,26,12,21,2.33,,2021-06-25
시흥시,물왕동,16,1,15,0,13,2,1,9,13,1.23,,2021-06-25
시흥시,미산동,350,16,334,0,243,83,24,37,240,1.46,,2021-06-25
시흥시,방산동,64,7,57,0,46,11,7,19,38,1.68,,2021-06-25
시흥시,산현동,340,19,319,2,187,101,52,39,256,1.33,,2021-06-25
시흥시,신천동,2970,126,2842,2,2138,571,261,72,2254,1.32,,2021-06-25
시흥시,안현동,65,19,46,0,30,8,27,13,29,2.24,,2021-06-25
시흥시,월곶동,1068,115,953,0,674,209,185,57,784,1.36,,2021-06-25
시흥시,은행동,2641,114,2527,0,1708,593,340,68,2084,1.27,,2021-06-25
시흥시,장곡동,968,105,863,0,569,264,135,48,774,1.25,,2021-06-25
시흥시,장현동,430,47,383,0,249,114,67,36,320,1.34,,2021-06-25
시흥시,정왕동,11923,714,11204,5,8369,2543,1011,107,9036,1.32,,2021-06-25
시흥시,조남동,1127,77,1050,0,646,327,154,59,870,1.3,,2021-06-25
시흥시,죽율동,292,37,255,0,179,75,38,31,204,1.43,,2021-06-25
시흥시,포동,388,32,356,0,242,94,52,37,291,1.33,,2021-06-25
시흥시,하상동,499,65,434,0,333,105,61,36,390,1.28,,2021-06-25
시흥시,하중동,539,70,467,2,339,124,76,45,389,1.39,,2021-06-25
시흥시,화정동,12,1,11,0,11,1,0,8,6,2,,2021-06-25
안산시,건건동,847,152,695,0,458,261,128,52,635,1.33,,2023-01-31
안산시,고잔동,6807,1030,5775,2,3540,2309,958,93,5296,1.29,,2023-01-31
안산시,대부남동,238,75,163,0,89,88,61,39,139,1.71,,2023-01-31
안산시,대부동동,201,48,153,0,97,66,38,35,119,1.69,,2023-01-31
안산시,대부북동,265,51,214,0,133,91,41,36,161,1.65,,2023-01-31
안산시,목내동,8,0,8,0,3,5,0,5,7,1.14,,2023-01-31
안산시,본오동,6760,1078,5676,6,3299,2266,1195,102,4920,1.37,,2023-01-31
안산시,부곡동,2773,593,2178,2,1378,907,488,81,1950,1.42,,2023-01-31
안산시,사동,7126,1317,5809,0,3363,2499,1264,106,5410,1.32,,2023-01-31
안산시,사사동,177,47,130,0,76,59,42,25,120,1.48,,2023-01-31
안산시,선감동,48,16,32,0,23,14,11,16,26,1.85,,2023-01-31
안산시,선부동,4999,735,4263,1,2759,1626,614,88,3757,1.33,,2023-01-31
안산시,성곡동,38,1,37,0,25,12,1,16,22,1.73,,2023-01-31
안산시,성포동,1762,315,1444,3,976,536,250,69,1387,1.27,,2023-01-31
안산시,수암동,468,70,398,0,236,162,70,45,340,1.38,,2023-01-31
안산시,신길동,1620,243,1376,1,883,545,192,71,1205,1.34,,2023-01-31
안산시,양상동,46,7,39,0,23,16,7,18,27,1.7,,2023-01-31
안산시,와동,3852,544,3308,0,2239,1078,535,85,2766,1.39,,2023-01-31
안산시,원곡동,2092,237,1855,0,1377,512,203,75,1674,1.25,,2023-01-31
안산시,원시동,48,8,40,0,17,21,10,20,31,1.55,,2023-01-31
안산시,월피동,2766,506,2260,0,1436,901,429,84,2045,1.35,,2023-01-31
안산시,이동,1838,331,1507,0,916,631,291,68,1344,1.37,,2023-01-31
안산시,일동,2610,458,2150,2,1257,939,414,77,1867,1.4,,2023-01-31
안산시,장상동,231,28,203,0,120,88,23,36,163,1.4,,2023-01-31
안산시,장하동,19,3,16,0,10,8,1,10,11,1.73,,2023-01-31
안산시,초지동,3203,453,2747,3,1684,950,569,77,2457,1.3,,2023-01-31
안산시,팔곡이동,326,64,262,0,167,94,65,39,209,1.56,,2023-01-31
안산시,팔곡일동,167,46,121,0,82,43,42,33,106,1.58,,2023-01-31
안산시,풍도동,4,2,2,0,0,2,2,2,3,1.33,,2023-01-31
안산시,합계,51369,8461,42888,20,26682,16739,7948,159,38219,1.34,,2023-01-31
안산시,화정동,30,3,27,0,16,10,4,15,22,1.36,,2023-01-31
안성시,가사동,102,9,93,0,56,33,13,24,83,1.23,,2023-02-23
안성시,가현동,40,4,36,0,25,11,4,11,23,1.74,,2023-02-23
안성시,계동,25,2,23,0,10,9,6,13,21,1.19,,2023-02-23
안성시,고삼면,204,48,156,0,76,69,59,29,108,1.89,,2023-02-23
안성시,공도읍,3799,284,3515,1,1756,1555,489,90,2753,1.38,3,2023-02-23
안성시,구포동,37,7,30,0,18,11,8,16,30,1.23,,2023-02-23
안성시,금광면,542,63,479,1,275,161,107,50,355,1.53,,2023-02-23
안성시,금산동,275,15,260,0,139,90,46,36,218,1.26,,2023-02-23
안성시,금석동,88,4,84,0,48,27,13,21,65,1.35,,2023-02-23
안성시,낙원동,80,1,79,0,32,37,11,20,65,1.23,,2023-02-23
안성시,당왕동,646,48,598,0,319,231,96,43,510,1.27,,2023-02-23
안성시,대덕면,1100,92,1008,5,542,404,159,76,785,1.41,1,2023-02-23
안성시,대천동,35,1,34,0,21,10,4,14,27,1.3,,2023-02-23
안성시,도기동,133,8,125,0,61,27,45,33,84,1.58,,2023-02-23
안성시,동본동,23,1,22,0,11,9,3,10,19,1.21,,2023-02-23
안성시,명륜동,63,3,60,0,28,21,14,14,42,1.5,,2023-02-23
안성시,미양면,480,51,429,2,271,117,94,45,262,1.84,,2023-02-23
안성시,발화동,8,0,8,0,4,2,2,7,6,1.33,,2023-02-23
안성시,보개면,511,45,466,2,294,151,68,55,272,1.89,,2023-02-23
안성시,봉남동,49,3,46,0,24,19,6,15,36,1.36,1,2023-02-23
안성시,봉산동,185,6,179,0,110,61,14,33,124,1.49,,2023-02-23
안성시,사곡동,17,5,12,0,5,5,7,8,11,1.55,,2023-02-23
안성시,삼죽면,297,35,262,5,166,79,57,45,164,1.84,,2023-02-23
안성시,서운면,395,160,235,0,112,90,193,45,237,1.67,,2023-02-23
안성시,서인동,27,3,24,0,10,6,11,11,14,1.93,,2023-02-23
안성시,석정동,322,15,307,0,144,130,48,36,265,1.22,1,2023-02-23
안성시,성남동,41,2,39,0,16,13,12,16,31,1.32,,2023-02-23
안성시,숭인동,137,8,129,0,64,59,14,26,100,1.37,,2023-02-23
안성시,신건지동,72,2,70,0,43,17,12,19,60,1.2,,2023-02-23
안성시,신모산동,4,0,4,0,0,4,0,4,3,1.33,,2023-02-23
안성시,신소현동,165,3,162,0,78,71,16,26,130,1.27,,2023-02-23
안성시,신흥동,48,1,47,0,24,13,11,16,27,1.78,,2023-02-23
안성시,아양동,473,38,435,0,242,165,66,43,339,1.4,,2023-02-23
안성시,양성면,430,73,357,1,187,146,98,53,233,1.85,,2023-02-23
안성시,연지동,33,2,31,0,24,7,2,16,25,1.32,,2023-02-23
안성시,영동,42,1,41,0,22,15,5,16,29,1.45,1,2023-02-23
안성시,옥산동,238,23,215,0,107,87,44,34,184,1.29,1,2023-02-23
안성시,옥천동,32,0,32,0,12,13,7,11,24,1.33,,2023-02-23
안성시,원곡면,526,86,440,2,243,175,110,57,312,1.69,,2023-02-23
안성시,인지동,81,2,79,0,39,24,18,24,51,1.59,1,2023-02-23
안성시,일죽면,577,19,558,0,371,165,41,54,353,1.63,1,2023-02-23
안성시,죽산면,591,30,561,0,345,171,75,58,310,1.91,,2023-02-23
안성시,중리동,220,15,205,0,103,80,37,33,156,1.41,,2023-02-23
안성시,창전동,34,0,34,0,21,9,4,14,27,1.26,,2023-02-23
안성시,합계,13288,1223,12046,19,6513,4618,2157,132,9001,1.48,10,2023-02-23
안성시,현수동,42,5,37,0,15,19,8,13,28,1.5,,2023-02-23
안양시,관양동,5448,418,5030,,3426,1556,467,100,3763,1.27,,2023-02-01
안양시,박달동,2746,211,2535,,1596,943,207,67,1895,1.29,,2023-02-01
안양시,비산동,5759,475,5284,,3661,1672,434,86,4189,1.23,,2023-02-01
안양시,석수동,4394,299,4095,,2572,1503,320,85,3008,1.3,,2023-02-01
안양시,안양동,11692,758,10934,,7605,3323,767,112,8737,1.34,,2023-02-01
안양시,평촌동,3481,270,3211,,2257,833,393,69,2739,1.19,,2023-02-01
안양시,호계동,6494,544,5950,,4150,1835,515,88,4757,1.24,,2023-02-01
양주시,고암동,1178,12,1166,0,582,518,78,51,877,1.34,1,2022-07-20
양주시,고읍동,753,8,745,0,391,325,37,56,545,1.38,0,2022-07-20
양주시,광사동,915,21,894,0,435,406,74,53,687,1.33,2,2022-07-20
양주시,광적면,768,21,747,0,493,223,52,62,448,1.71,1,2022-07-20
양주시,남면,370,10,360,0,196,133,41,43,261,1.42,0,2022-07-20
양주시,남방동,83,1,82,0,32,38,13,23,49,1.69,0,2022-07-20
양주시,덕계동,1548,28,1520,0,751,583,214,61,1136,1.36,0,2022-07-20
양주시,덕정동,1184,7,1177,0,581,519,84,60,875,1.35,1,2022-07-20
양주시,마전동,40,3,37,0,19,21,0,17,23,1.74,0,2022-07-20
양주시,만송동,778,7,770,1,382,356,40,46,580,1.34,1,2022-07-20
양주시,백석읍,1730,16,1713,1,986,631,113,68,1217,1.42,1,2022-07-20
양주시,봉양동,66,0,66,0,23,25,18,22,46,1.43,0,2022-07-20
양주시,산북동,170,0,170,0,72,78,20,29,117,1.45,0,2022-07-20
양주시,삼숭동,1346,21,1324,1,613,622,111,65,1020,1.32,0,2022-07-20
양주시,어둔동,28,0,28,0,11,7,10,8,11,2.55,0,2022-07-20
양주시,옥정동,2822,24,2797,1,1287,1264,271,73,2135,1.32,3,2022-07-20
양주시,유양동,80,0,80,0,50,27,3,16,39,2.05,0,2022-07-20
양주시,율정동,39,2,37,0,24,13,2,19,28,1.39,0,2022-07-20
양주시,은현면,311,11,300,0,167,112,32,36,198,1.57,0,2022-07-20
양주시,장흥면,707,19,688,0,394,264,49,56,421,1.68,0,2022-07-20
양주시,회암동,71,7,64,0,50,20,1,21,33,2.15,0,2022-07-20
양주시,회정동,417,0,416,1,191,138,88,41,293,1.42,1,2022-07-20
양평군,강상면,1297,509,785,3,583,334,380,72,807,1.61,0,2023-03-07
양평군,강하면,1421,185,1236,0,1092,186,143,69,384,3.7,0,2023-03-07
양평군,개군면,561,146,415,0,294,171,96,52,321,1.75,0,2023-03-07
양평군,단월면,443,122,321,0,225,97,121,43,244,1.82,0,2023-03-07
양평군,서종면,1329,229,1097,3,724,411,194,87,738,1.8,1,2023-03-07
양평군,양동면,505,197,307,1,207,120,178,46,233,2.17,0,2023-03-07
양평군,양서면,1318,233,1085,0,752,422,144,76,802,1.64,1,2023-03-07
양평군,양평읍,2901,936,1964,1,1491,821,589,94,1767,1.64,7,2023-03-07
양평군,옥천면,1007,293,712,2,514,310,183,72,606,1.66,0,2023-03-07
양평군,용문면,1969,491,1477,1,969,522,478,93,1163,1.69,2,2023-03-07
양평군,지평면,916,225,691,0,500,199,217,58,428,2.14,0,2023-03-07
양평군,청운면,452,196,256,0,160,127,165,43,247,1.83,0,2023-03-07
여주시,가남읍,782,128,654,0,336,325,121,53,541,1.45,0,2023-03-01
여주시,가업동,28,20,8,0,6,9,13,9,12,2.33,0,2023-03-01
여주시,강천면,405,164,241,0,88,209,108,37,241,1.68,0,2023-03-01
여주시,교동,258,42,216,0,112,110,36,34,211,1.22,0,2023-03-01
여주시,금사면,244,94,150,0,72,97,75,38,130,1.88,0,2023-03-01
여주시,능서면,453,230,223,0,80,177,196,42,262,1.73,0,2023-03-01
여주시,능현동,77,11,66,0,39,26,12,26,48,1.6,0,2023-03-01
여주시,단현동,27,6,21,0,6,13,8,11,18,1.5,0,2023-03-01
여주시,대신면,493,228,265,0,98,300,95,45,300,1.64,0,2023-03-01
여주시,매룡동,32,11,21,0,8,14,10,11,20,1.6,0,2023-03-01
여주시,멱곡동,115,35,80,0,32,62,21,24,69,1.67,0,2023-03-01
여주시,북내면,327,81,246,0,106,169,52,43,192,1.7,0,2023-03-01
여주시,산북면,186,96,90,0,57,43,86,40,116,1.6,0,2023-03-01
여주시,삼교동,37,14,23,0,12,11,14,11,25,1.48,0,2023-03-01
여주시,상거동,10,7,3,0,3,0,7,6,5,2,0,2023-03-01
여주시,상동,189,48,141,0,76,82,31,33,119,1.59,0,2023-03-01
여주시,신진동,21,7,14,0,8,7,6,8,14,1.5,0,2023-03-01
여주시,연라동,69,28,41,0,16,30,23,22,38,1.82,0,2023-03-01
여주시,연양동,109,18,91,0,38,56,15,29,80,1.36,0,2023-03-01
여주시,오금동,23,1,22,0,15,6,2,10,13,1.77,0,2023-03-01
여주시,오학동,344,84,260,0,133,133,78,31,239,1.44,0,2023-03-01
여주시,우만동,19,3,16,0,9,9,1,10,15,1.27,0,2023-03-01
여주시,월송동,241,29,212,0,97,116,28,28,155,1.55,0,2023-03-01
여주시,점동면,321,157,164,0,63,145,113,42,168,1.91,0,2023-03-01
여주시,점봉동,337,45,292,0,143,150,44,44,244,1.38,0,2023-03-01
여주시,창동,134,30,104,0,61,44,29,27,89,1.51,0,2023-03-01
여주시,천송동,268,58,210,0,83,135,50,32,191,1.4,0,2023-03-01
여주시,하거동,33,12,21,0,9,22,2,11,17,1.94,0,2023-03-01
여주시,하동,264,66,198,0,81,116,67,37,201,1.31,0,2023-03-01
여주시,현암동,429,95,334,0,163,185,81,53,307,1.4,0,2023-03-01
여주시,홍문동,332,52,280,0,165,121,46,40,203,1.64,0,2023-03-01
여주시,흥천면,306,83,223,0,86,169,51,38,175,1.75,0,2023-03-01
연천군,군남면,165,11,154,0,102,56,7,33,102,1.62,0,2023-02-02
연천군,미산면,155,26,129,0,95,52,8,26,71,2.18,0,2023-02-02
연천군,백학면,132,7,104,0,57,46,8,30,75,1.48,0,2023-02-02
연천군,신서면,132,18,114,0,86,40,6,24,84,1.57,0,2023-02-02
연천군,연천읍,332,11,321,0,178,142,12,43,219,1.52,0,2023-02-02
연천군,왕징면,35,2,33,0,33,2,0,10,21,1.67,0,2023-02-02
연천군,장남면,44,5,39,0,24,20,0,13,28,1.57,0,2023-02-02
연천군,전곡읍,1071,64,1007,0,551,479,41,75,771,1.39,0,2023-02-02
연천군,중면,13,0,13,0,6,6,1,8,8,1.63,0,2023-02-02
연천군,청산면,306,23,283,0,125,164,17,39,185,1.65,0,2023-02-02
용인시,고기동,489,48,439,2,252,185,52,62,320,1.53,1,2023-01-01
용인시,고림동,1304,109,1638,0,826,777,144,81,1304,1.34,0,2023-01-01
용인시,고매동,454,66,387,1,226,163,65,47,308,1.47,0,2023-01-01
용인시,공세동,1369,158,1211,0,630,580,159,71,987,1.39,1,2023-01-01
용인시,구갈동,2427,341,2082,4,1121,975,331,71,1868,1.3,9,2023-01-01
용인시,김량장동,1111,103,1311,1,714,599,102,65,1111,1.27,3,2023-01-01
용인시,남동,261,20,398,4,259,142,21,53,261,1.62,2,2023-01-01
용인시,남사읍,949,90,1343,1,740,580,114,124,949,1.52,1,2023-01-01
용인시,농서동,207,10,197,0,110,83,14,38,166,1.25,0,2023-01-01
용인시,동백동,2091,327,1763,1,968,751,372,76,1687,1.24,4,2023-01-01
용인시,동천동,2586,269,2315,2,1268,990,328,91,1974,1.31,4,2023-01-01
용인시,마북동,2133,244,1888,1,1188,707,238,74,1621,1.31,4,2023-01-01
용인시,마평동,546,48,665,0,333,331,49,49,546,1.31,3,2023-01-01
용인시,모현읍,1419,139,1977,7,1129,778,216,137,1419,1.48,4,2023-01-01
용인시,백암면,418,45,782,0,607,179,41,58,418,1.98,2,2023-01-01
용인시,보라동,1848,276,1571,1,775,807,266,68,1442,1.28,3,2023-01-01
용인시,보정동,2313,220,2093,0,1223,801,289,87,1843,1.25,7,2023-01-01
용인시,삼가동,642,56,791,0,422,353,72,55,642,1.32,2,2023-01-01
용인시,상갈동,660,97,563,0,316,255,89,52,517,1.26,1,2023-01-01
용인시,상하동,1731,316,1415,0,815,576,340,75,1321,1.31,0,2023-01-01
용인시,상현동,5251,691,4558,2,2636,1835,780,92,4191,1.25,10,2023-01-01
용인시,서천동,1101,100,1001,0,568,405,128,61,841,1.31,2,2023-01-01
용인시,성복동,3981,385,3595,1,2304,1262,415,90,2934,1.36,7,2023-01-01
용인시,신갈동,2126,324,1800,2,986,771,369,72,1680,1.26,4,2023-01-01
용인시,신봉동,2764,296,2466,2,1551,901,312,80,2127,1.3,6,2023-01-01
용인시,양지면,1285,140,1908,5,1226,642,185,84,1285,1.6,1,2023-01-01
용인시,언남동,1215,123,1090,2,625,465,125,64,984,1.23,2,2023-01-01
용인시,역북동,1324,124,1614,0,891,706,141,77,1324,1.31,2,2023-01-01
용인시,영덕동,2587,282,2303,2,1066,1220,301,88,2003,1.29,4,2023-01-01
용인시,운학동,94,21,121,0,67,50,25,36,94,1.51,0,2023-01-01
용인시,원삼면,580,71,877,4,629,258,65,78,580,1.64,1,2023-01-01
용인시,유방동,704,61,923,1,500,412,73,55,704,1.4,1,2023-01-01
용인시,이동읍,1134,167,1811,0,1217,579,182,125,1134,1.63,1,2023-01-01
용인시,죽전동,4568,447,4120,1,2437,1638,493,91,3713,1.23,9,2023-01-01
용인시,중동,3227,492,2731,4,1777,985,465,84,2338,1.38,7,2023-01-01
용인시,지곡동,353,53,300,0,159,149,45,47,242,1.45,0,2023-01-01
용인시,청덕동,1025,128,897,0,449,391,185,64,804,1.27,1,2023-01-01
용인시,포곡읍,1832,116,2555,2,1386,1128,159,83,1832,1.46,3,2023-01-01
용인시,풍덕천동,4768,562,4204,2,2509,1504,755,94,3805,1.25,5,2023-01-01
용인시,하갈동,362,49,313,0,166,140,56,50,245,1.48,0,2023-01-01
용인시,해곡동,16,0,20,0,12,6,2,12,16,1.25,0,2023-01-01
용인시,호동,36,9,41,0,25,16,9,15,36,1.39,0,2023-01-01
의왕시,고천동,307,45,262,,146,116,45,36,215,1.43,0,2023-03-06
의왕시,내손동,2263,288,1975,,1184,714,365,75,1751,1.29,4,2023-03-06
의왕시,삼동,1337,100,1236,,829,401,107,69,989,1.35,3,2023-03-06
의왕시,오전동,2017,295,1722,,1031,645,341,70,1581,1.28,4,2023-03-06
의왕시,왕곡동,424,69,355,,237,111,76,40,302,1.4,0,2023-03-06
의왕시,월암동,60,3,57,,26,24,10,21,33,1.82,0,2023-03-06
의왕시,이동,78,7,71,,45,21,12,18,57,1.37,0,2023-03-06
의왕시,청계동,507,46,461,,262,182,63,52,384,1.32,1,2023-03-06
의왕시,초평동,74,15,59,,40,18,16,18,44,1.68,0,2023-03-06
의왕시,포일동,1151,99,1052,,564,409,178,66,906,1.27,2,2023-03-06
의왕시,학의동,475,49,426,,259,171,45,46,340,1.4,0,2023-03-06
의정부시,,32674,484,32176,14,14855,14513,3306,130,24404,1.34,20,2023-01-01
이천시,갈산동,717,56,661,0,393,250,74,54,530,1.35,0,2022-07-29
이천시,고담동,97,10,87,0,43,44,10,30,72,1.35,0,2022-07-29
이천시,관고동,408,30,377,1,205,166,37,41,315,1.3,1,2022-07-29
이천시,단월동,47,8,39,0,27,13,7,17,32,1.47,0,2022-07-29
이천시,대월면,798,80,718,0,402,304,92,54,555,1.44,0,2022-07-29
이천시,대포동,87,8,79,0,56,20,11,18,39,2.23,0,2022-07-29
이천시,마장면,864,92,771,1,455,307,102,61,616,1.4,1,2022-07-29
이천시,모가면,283,21,262,0,187,71,25,41,135,2.1,0,2022-07-29
이천시,백사면,869,90,779,0,428,343,98,60,573,1.51,0,2022-07-29
이천시,부발읍,2092,161,1931,0,1115,793,184,70,1529,1.37,1,2022-07-29
이천시,사음동,291,19,272,0,156,111,24,37,206,1.41,0,2022-07-29
이천시,설성면,316,134,182,0,119,57,140,53,128,2.47,1,2022-07-29
이천시,송정동,779,51,728,0,419,294,66,63,590,1.32,0,2022-07-29
이천시,신둔면,1127,108,1019,0,613,394,120,74,700,1.61,0,2022-07-29
이천시,안흥동,406,34,372,0,224,136,46,45,305,1.33,0,2022-07-29
이천시,율면,123,13,110,0,76,35,12,26,60,2.05,0,2022-07-29
이천시,율현동,22,2,20,0,14,7,1,9,16,1.38,0,2022-07-29
이천시,장록동,53,8,45,0,21,24,8,21,32,1.66,0,2022-07-29
이천시,장호원읍,698,114,584,0,360,217,121,56,431,1.62,1,2022-07-29
이천시,중리동,481,36,445,0,259,172,50,48,358,1.34,1,2022-07-29
이천시,증일동,76,0,76,0,35,39,2,19,56,1.36,0,2022-07-29
이천시,증포동,982,53,929,0,490,419,73,52,768,1.28,1,2022-07-29
이천시,진리동,43,2,41,0,26,15,2,14,27,1.59,2,2022-07-29
이천시,창전동,1173,49,1124,0,651,445,77,60,902,1.3,5,2022-07-29
이천시,호법면,315,34,281,0,157,123,35,50,205,1.54,0,2022-07-29
파주시,검산동,349,9,340,0,186,147,16,40,245,1.42,0,2023-02-14
파주시,광탄면,1198,69,1128,1,795,355,48,72,490,2.44,0,2023-02-14
파주시,교하동,253,9,244,0,152,96,5,33,71,3.56,3,2023-02-14
파주시,교하읍,462,0,462,0,459,3,0,36,372,1.24,0,2023-02-14
파주시,군내면,15,0,15,0,6,9,0,7,11,1.36,0,2023-02-14
파주시,금능동,40,1,39,0,27,13,0,14,33,1.21,0,2023-02-14
파주시,금릉동,270,6,264,0,142,120,8,37,171,1.58,1,2023-02-14
파주시,금촌동,3614,121,3493,0,2026,1388,200,87,2683,1.35,7,2023-02-14
파주시,다율동,870,23,847,0,428,397,45,56,645,1.35,1,2023-02-14
파주시,당하동,191,5,186,0,94,87,10,31,125,1.53,0,2023-02-14
파주시,동패동,3500,49,3451,0,1830,1530,140,87,2508,1.4,4,2023-02-14
파주시,맥금동,33,7,26,0,16,13,4,12,25,1.32,0,2023-02-14
파주시,목동동,4115,92,4023,0,2223,1690,202,95,3097,1.33,5,2023-02-14
파주시,문발동,740,11,729,0,433,282,25,58,499,1.48,0,2023-02-14
파주시,문산읍,3273,77,3194,2,1650,1506,117,93,2298,1.42,3,2023-02-14
파주시,법원읍,950,28,919,3,538,359,53,61,548,1.73,1,2023-02-14
파주시,산남동,179,10,169,0,115,55,9,45,102,1.75,0,2023-02-14
파주시,상지석동,691,29,662,0,413,250,28,61,351,1.97,0,2023-02-14
파주시,서패동,46,0,46,0,32,14,0,17,28,1.64,0,2023-02-14
파주시,송촌동,68,1,67,0,50,18,0,20,26,2.62,0,2023-02-14
파주시,신촌동,57,2,55,0,26,27,4,25,39,1.46,0,2023-02-14
파주시,아동동,1125,39,1086,0,572,468,85,55,815,1.38,1,2023-02-14
파주시,야당동,4263,74,4187,2,2460,1582,221,94,2951,1.44,6,2023-02-14
파주시,야동동,387,9,377,1,202,170,15,52,292,1.33,0,2023-02-14
파주시,연다산동,64,4,60,0,26,35,3,23,37,1.73,0,2023-02-14
파주시,오도동,68,0,68,0,44,22,2,22,35,1.94,0,2023-02-14
파주시,와동동,3845,56,3787,2,2398,1277,170,82,2163,1.78,3,2023-02-14
파주시,월롱면,566,15,550,1,315,225,26,64,355,1.59,0,2023-02-14
파주시,적성면,377,22,355,0,194,155,28,48,265,1.42,0,2023-02-14
파주시,조리읍,1979,94,1885,0,1039,785,155,79,1364,1.45,0,2023-02-14
파주시,진동면,10,0,10,0,10,0,0,7,5,2,0,2023-02-14
파주시,탄현면,1265,55,1209,1,745,446,74,80,767,1.65,0,2023-02-14
파주시,파주읍,1144,53,1090,1,583,461,100,66,682,1.68,0,2023-02-14
파주시,파평면,232,9,223,0,112,107,13,35,123,1.89,0,2023-02-14
파주시,하지석동,71,4,67,0,42,29,0,25,38,1.87,0,2023-02-14
평택시,가재동,225,48,177,0,93,78,54,30,148,1.52,,2023-01-31
평택시,고덕면,1636,396,1240,0,662,550,424,85,1068,1.53,,2023-01-31
평택시,군문동,252,28,224,0,128,92,32,40,186,1.35,,2023-01-31
평택시,도일동,107,46,61,1,37,23,48,28,66,1.64,,2023-01-31
평택시,독곡동,701,81,620,1,367,241,94,47,502,1.4,,2023-01-31
평택시,동삭동,2039,152,1887,0,1028,807,204,73,1507,1.35,,2023-01-31
평택시,모곡동,10,2,8,0,4,4,2,5,9,1.11,,2023-01-31
평택시,비전동,4061,413,3648,1,1985,1597,480,88,3089,1.31,,2023-01-31
평택시,서정동,3409,246,3163,6,1847,1188,380,82,2439,1.4,,2023-01-31
평택시,서탄면,329,91,238,1,124,115,91,51,215,1.53,,2023-01-31
평택시,세교동,1660,198,1462,0,767,657,236,70,1261,1.32,,2023-01-31
평택시,소사동,672,94,578,0,297,260,115,48,506,1.33,,2023-01-31
평택시,신대동,76,13,63,0,33,30,13,17,46,1.65,,2023-01-31
평택시,신장동,1779,138,1641,1,960,617,203,72,1226,1.45,,2023-01-31
평택시,안중읍,2695,320,2375,1,1223,1106,367,90,1955,1.38,,2023-01-31
평택시,오성면,719,276,443,0,217,220,282,59,406,1.77,,2023-01-31
평택시,용이동,2216,220,1996,0,1062,879,275,86,1708,1.3,,2023-01-31
평택시,월곡동,59,4,55,2,25,30,6,21,36,1.69,,2023-01-31
평택시,유천동,42,9,33,0,22,11,9,14,36,1.17,,2023-01-31
평택시,이충동,1751,136,1615,0,826,744,181,65,1338,1.31,,2023-01-31
평택시,장당동,604,38,566,0,294,257,53,42,464,1.3,,2023-01-31
평택시,장안동,437,56,381,1,207,161,70,42,332,1.32,,2023-01-31
평택시,죽백동,1062,101,961,0,491,441,130,62,789,1.35,,2023-01-31
평택시,지산동,2134,244,1890,0,1093,788,253,82,1529,1.4,,2023-01-31
평택시,지제동,102,19,83,0,41,42,19,25,67,1.52,,2023-01-31
평택시,진위면,980,244,736,0,393,334,253,63,599,1.64,,2023-01-31
평택시,청룡동,39,5,34,0,20,15,4,11,19,2.05,,2023-01-31
평택시,청북면,177,10,167,0,68,95,14,30,135,1.31,,2023-01-31
평택시,청북읍,1692,247,1445,0,716,689,287,70,1144,1.48,,2023-01-31
평택시,칠괴동,98,13,85,0,37,45,16,23,63,1.56,,2023-01-31
평택시,칠원동,549,51,498,0,249,221,79,40,390,1.41,,2023-01-31
평택시,통복동,629,67,562,2,285,259,87,52,467,1.35,,2023-01-31
평택시,팽성읍,2500,410,2090,2,1186,843,473,100,1638,1.53,,2023-01-31
평택시,평택동,490,44,446,0,253,179,58,48,351,1.4,,2023-01-31
평택시,포승읍,1747,188,1559,1,805,743,200,74,1212,1.44,,2023-01-31
평택시,합계,39612,4897,34715,21,18765,15077,5791,154,28273,1.4,,2023-01-31
평택시,합정동,1536,166,1370,1,789,549,199,66,1083,1.42,,2023-01-31
평택시,현덕면,398,83,315,0,131,167,100,41,244,1.63,,2023-01-31
포천시,가산면,598,1,597,0,422,120,56,59,242,2.47,0,2021-08-24
포천시,관인면,139,1,138,0,46,43,50,23,91,1.53,0,2021-08-24
포천시,군내면,739,3,735,1,423,94,222,58,351,2.1,1,2021-08-24
포천시,내촌면,257,7,250,0,136,58,63,38,129,1.99,0,2021-08-24
포천시,동교동,73,0,73,0,52,18,3,25,40,1.83,0,2021-08-24
포천시,선단동,858,10,847,1,623,129,106,54,532,1.61,1,2021-08-24
포천시,설운동,68,0,68,0,43,7,18,20,38,1.79,0,2021-08-24
포천시,소흘읍,3892,15,3876,1,2679,1013,200,86,1712,2.27,3,2021-08-24
포천시,신북면,951,6,942,3,625,102,224,63,530,1.79,0,2021-08-24
포천시,신읍동,1292,11,1281,0,942,116,234,57,842,1.53,2,2021-08-24
포천시,어룡동,195,2,193,0,138,25,32,37,95,2.05,0,2021-08-24
포천시,영북면,427,8,419,0,229,104,94,45,286,1.49,0,2021-08-24
포천시,영중면,489,18,470,1,311,58,120,40,160,3.06,0,2021-08-24
포천시,이동면,339,6,332,1,162,68,109,42,198,1.71,0,2021-08-24
포천시,일동면,509,7,502,0,280,65,164,54,306,1.66,0,2021-08-24
포천시,자작동,63,0,63,0,34,13,16,12,32,1.97,0,2021-08-24
포천시,창수면,135,0,133,2,93,8,34,28,52,2.6,0,2021-08-24
포천시,화현면,144,0,142,2,73,17,54,28,83,1.73,0,2021-08-24
하남시,감북동,164,21,143,0,86,54,24,34,109,1.5,,2023-02-08
하남시,감이동,406,16,390,0,205,170,31,43,322,1.26,,2023-02-08
하남시,감일동,340,19,321,1,184,124,33,48,236,1.44,,2023-02-08
하남시,광암동,40,9,31,0,23,9,8,17,23,1.74,,2023-02-08
하남시,교산동,56,8,48,0,30,19,7,17,37,1.51,,2023-02-08
하남시,덕풍동,4575,176,4399,4,2886,1449,244,88,3468,1.32,,2023-02-08
하남시,망월동,4383,137,4246,0,2215,1905,263,97,3375,1.3,,2023-02-08
하남시,미사동,98,6,92,0,53,40,5,30,60,1.63,,2023-02-08
하남시,배알미동,12,0,12,0,7,5,0,8,7,1.71,,2023-02-08
하남시,상사창동,73,16,57,0,31,26,16,26,47,1.55,,2023-02-08
하남시,상산곡동,154,21,133,0,96,36,22,34,91,1.69,,2023-02-08
하남시,선동,934,34,900,0,477,395,62,45,748,1.25,,2023-02-08
하남시,신장동,2677,111,2566,0,1727,788,162,76,2025,1.32,,2023-02-08
하남시,창우동,1057,65,992,0,684,302,71,56,811,1.3,,2023-02-08
하남시,천현동,231,8,223,2,157,65,11,37,163,1.43,,2023-02-08
하남시,초이동,206,56,150,0,81,68,57,29,96,2.15,,2023-02-08
하남시,초일동,118,46,72,0,48,21,49,24,57,2.07,,2023-02-08
하남시,춘궁동,162,38,124,0,80,47,35,32,83,1.95,,2023-02-08
하남시,풍산동,1356,34,1322,0,735,535,86,59,1079,1.26,,2023-02-08
하남시,하사창동,52,2,50,0,39,13,0,16,23,2.26,,2023-02-08
하남시,하산곡동,412,214,198,0,132,63,217,43,145,2.84,,2023-02-08
하남시,학암동,1089,18,1071,0,544,359,186,62,844,1.29,,2023-02-08
하남시,항동,51,18,33,0,18,15,18,14,29,1.76,,2023-02-08
화성시,금곡동,48,4,44,0,25,18,5,17,28,1.71,0,2022-05-31
화성시,기산동,853,36,816,1,408,370,75,52,632,1.35,0,2022-05-31
화성시,기안동,920,27,893,0,561,271,88,54,732,1.26,1,2022-05-31
화성시,남양동,101,4,97,0,41,55,5,26,82,1.23,0,2022-05-31
화성시,남양읍,2295,277,2015,3,1175,820,300,89,1610,1.43,8,2022-05-31
화성시,능동,2942,95,2846,1,1561,1197,184,78,2307,1.28,4,2022-05-31
화성시,동탄면,120,4,116,0,61,56,3,30,90,1.33,0,2022-05-31
화성시,마도면,535,101,434,0,315,153,67,57,297,1.8,1,2022-05-31
화성시,매송면,391,49,342,0,181,136,74,42,278,1.41,0,2022-05-31
화성시,목동,1268,62,1205,1,662,507,99,52,984,1.29,1,2022-05-31
화성시,무송동,2,0,2,0,1,1,0,2,2,1,0,2022-05-31
화성시,문호동,1,0,1,0,0,1,0,1,1,1,0,2022-05-31
화성시,반송동,4383,123,4259,1,2514,1664,205,89,3459,1.27,11,2022-05-31
화성시,반월동,1549,55,1493,1,810,633,106,64,1237,1.25,3,2022-05-31
화성시,반정동,68,2,66,0,47,16,5,22,43,1.58,0,2022-05-31
화성시,방교동,127,1,126,0,77,44,6,33,86,1.48,0,2022-05-31
화성시,배양동,46,6,40,0,29,9,8,17,33,1.39,0,2022-05-31
화성시,병점동,3086,62,3021,3,1654,1244,188,81,2406,1.28,5,2022-05-31
화성시,봉담읍,5228,197,5029,2,2977,1826,425,94,3887,1.34,6,2022-05-31
화성시,북양동,9,0,9,0,4,5,0,5,6,1.5,0,2022-05-31
화성시,비봉면,370,53,316,1,194,116,60,43,225,1.64,0,2022-05-31
화성시,산척동,1680,106,1574,0,860,643,177,58,1296,1.3,4,2022-05-31
화성시,새솔동,934,77,857,0,435,376,123,52,726,1.29,3,2022-05-31
화성시,서신면,401,42,359,0,239,121,41,53,255,1.57,0,2022-05-31
화성시,석우동,810,26,784,0,478,288,44,53,669,1.21,0,2022-05-31
화성시,송동,417,28,389,0,225,162,30,47,344,1.21,0,2022-05-31
화성시,송림동,10,0,10,0,8,2,0,5,2,5,0,2022-05-31
화성시,송산동,636,33,602,1,301,276,59,47,447,1.42,1,2022-05-31
화성시,송산면,601,35,565,1,370,187,44,54,386,1.56,3,2022-05-31
화성시,수화동,3,0,3,0,1,2,0,3,2,1.5,0,2022-05-31
화성시,신남동,16,0,16,0,3,13,0,9,14,1.14,0,2022-05-31
화성시,신동,4,0,4,0,4,0,0,4,3,1.33,0,2022-05-31
화성시,신외동,1,1,0,0,0,1,0,1,1,1,0,2022-05-31
화성시,안녕동,881,52,827,2,461,337,83,58,600,1.47,0,2022-05-31
화성시,안석동,2,0,2,0,0,2,0,2,2,1,0,2022-05-31
화성시,양감면,313,59,251,3,121,121,71,37,158,1.98,1,2022-05-31
화성시,영천동,2083,66,2017,0,1177,751,155,59,1421,1.47,7,2022-05-31
화성시,오산동,1289,48,1241,0,654,535,100,65,1004,1.28,1,2022-05-31
화성시,우정읍,1116,86,1029,1,642,377,97,69,708,1.58,2,2022-05-31
화성시,원천동,3,0,3,0,2,0,1,3,2,1.5,0,2022-05-31
화성시,장덕동,4,0,4,0,1,3,0,2,3,1.33,0,2022-05-31
화성시,장안면,788,97,690,1,463,217,108,60,400,1.97,0,2022-05-31
화성시,장전동,2,0,2,0,0,2,0,2,1,2,0,2022-05-31
화성시,장지동,1214,60,1154,0,627,487,100,59,909,1.34,1,2022-05-31
화성시,정남면,772,59,712,1,392,308,72,64,503,1.53,1,2022-05-31
화성시,중동,40,21,19,0,7,11,22,12,10,4,0,2022-05-31
화성시,진안동,1856,53,1802,1,962,756,138,75,1360,1.36,3,2022-05-31
화성시,청계동,2046,90,1956,0,1052,879,115,66,1679,1.22,4,2022-05-31
화성시,팔탄면,753,87,665,1,345,305,103,62,412,1.83,1,2022-05-31
화성시,향남읍,5180,314,4863,3,2110,2584,486,103,3719,1.39,6,2022-05-31
화성시,활초동,15,0,15,0,4,11,0,7,11,1.36,0,2022-05-31
화성시,황계동,52,16,36,0,19,13,20,15,24,2.17,0,2022-05-31

